{"cameraMode":{"drawMode":0,"name":"Shaded","section":"Shading Mode"},"sceneLighting":true,"audioPlay":false,"sceneViewState":{"showFog":true,"showMaterialUpdate":false,"showSkybox":true,"showFlares":true,"showImageEffects":true,"showParticleSystems":true},"in2DMode":false,"pivot":{"x":-1.5360050201416016,"y":2.0223591327667238,"z":0.6224095821380615},"rotation":{"x":0.32089924812316897,"y":-0.010797209106385708,"z":0.0036576169077306988,"w":0.9470478296279907},"size":23.375045776367189,"orthographic":false}