{"cameraMode":{"drawMode":0,"name":"Shaded","section":"Shading Mode"},"sceneLighting":true,"audioPlay":false,"sceneViewState":{"showFog":true,"showMaterialUpdate":false,"showSkybox":true,"showFlares":true,"showImageEffects":true,"showParticleSystems":true},"in2DMode":false,"pivot":{"x":4.2302021980285648,"y":-8.629865646362305,"z":22.51764678955078},"rotation":{"x":0.17496435344219209,"y":0.11050956696271897,"z":-0.01976606622338295,"w":0.9781565070152283},"size":32.10676956176758,"orthographic":false}